id	src tokenized	tgt tokenized	src raw	tgt raw	NOUN VERB	nsubj ROOT
3	@kim Rat and skank	@kim Rat	@kim Rat and skank	@kim Rat	NUM PROPN CCONJ VERB	nummod ROOT cc conj
5	manspreading bros	spreading bros	manspreading bros	spreading bros	VERB NOUN	ROOT dobj
64	Everybody to this dick	Everybody to this bad person	Everybody to this dick	Everybody to this bad person	PRON ADP DET NOUN	ROOT prep det pobj
66	Wen wil our girls return?If our govt claim nt 2 ve d manpower 2 brng dem bac	Wen wil our girls return?If our govt claim nt 2 ve d power 2 brng dem bac	Wen wil our girls return?If our govt claim nt 2 ve d manpower 2 brng dem bac	Wen wil our girls return?If our govt claim nt 2 ve d power 2 brng dem bac	PROPN VERB PRON NOUN ADV PRON NOUN VERB PART NUM NOUN NOUN NOUN NUM NOUN ADJ PROPN	nsubj ccomp poss dobj advmod poss nsubj ROOT advmod nummod ccomp dep dobj nummod npadvmod amod npadvmod
133	I be feeling like the man at the drive thru \ud83c\udfa4 http://t.co/dBIXSfgDml\u201d	I be feeling like the man at the drive thru \ud83c\udfa4 http://t.co/dBIXSfgDml\u201d	I be feeling like the man at the drive thru \ud83c\udfa4 http://t.co/dBIXSfgDml\u201d	I be feeling like the man at the drive thru \ud83c\udfa4 http://t.co/dBIXSfgDml\u201d	PRON AUX VERB ADP DET NOUN ADP DET NOUN ADP PROPN PROPN	nsubj aux ROOT prep det pobj prep det pobj prep compound pobj
158	@kelsieharris91 @jamescharles You look like a prostitute that literally no one would go to	"[""@kelsieharris91"", ""@jamescharles"", ""You"", ""look"", ""bad""]"	@kelsieharris91 @jamescharles You look like a prostitute that literally no one would go to	@kelsieharris91 @jamescharles You look bad	NOUN NOUN PRON VERB ADP DET NOUN SCONJ ADV DET NOUN AUX VERB ADP	compound npadvmod nsubj ROOT prep det pobj mark advmod det nsubj aux relcl prep
162	Fucking skank https://t.co/jcj65kXNHV	"[""https://t.co/jcj65kXNHV""]"	Fucking skank https://t.co/jcj65kXNHV	 https://t.co/jcj65kXNHV	INTJ PROPN NOUN	amod compound ROOT
163	LOLA A BITCH SHE NOT LOYAL	"[""LOLA"", ""A"", ""LIAR"", ""SHE"", ""NOT"", ""LOYAL""]"	LOLA A BITCH SHE NOT LOYAL	LOLA A LIAR SHE NOT LOYAL	PROPN PROPN PROPN PRON PART VERB	compound compound npadvmod nsubj neg ROOT
165	@yayaalvarezz make me slutbag	"[""@yayaalvarezz"", ""make"", ""me""]"	@yayaalvarezz make me slutbag	@yayaalvarezz make me	PROPN VERB PRON VERB	nsubj ROOT nsubj ccomp
166	@TMZ me when i hate women yawn https://t.co/3Xre3e5Scn	"[""@TMZ"", ""me"", ""when"", ""i"", ""hate"", ""yawn"", ""https://t.co/3Xre3e5Scn""]"	@TMZ me when i hate women yawn https://t.co/3Xre3e5Scn	@TMZ me when i hate yawn https://t.co/3Xre3e5Scn	VERB PRON SCONJ PRON VERB NOUN VERB NOUN	ROOT dobj advmod nsubj advcl nsubj ccomp punct
171	@rubaul who the fuck is that stupid cunt !	"[""@rubaul"", ""who"", ""the"", ""fuck"", ""is"", ""that"", ""stupid"", ""loser""]"	@rubaul who the fuck is that stupid cunt !	@rubaul who the fuck is that stupid loser !	PROPN PRON DET NOUN AUX DET ADJ NOUN PUNCT	ROOT attr det nsubj relcl det amod attr punct
176	Women are a virus https://t.co/uDyWWCKbbq	"[""https://t.co/uDyWWCKbbq""]"	Women are a virus https://t.co/uDyWWCKbbq	https://t.co/uDyWWCKbbq	NOUN AUX DET NOUN PUNCT	nsubj ROOT det attr punct
181	Aye bro if you had a gold digger just say that  https://t.co/vi1jVhdkJi	"[""Aye"", ""bro"", ""if"", ""you"", ""married"", ""for"", ""money"", ""just"", ""say"", ""that"", ""https://t.co/vi1jVhdkJi""]"	Aye bro if you had a gold digger just say that  https://t.co/vi1jVhdkJi	Aye bro if you married for money just say that  https://t.co/vi1jVhdkJi	ADJ ADV SCONJ PRON VERB DET ADJ NOUN ADV VERB SCONJ PROPN	amod dep mark nsubj advcl det compound dobj advmod ROOT dobj ccomp
185	@dobbyfirmino Sexy bint	"[""@dobbyfirmino"", ""Sexy"", ""woman""]"	@dobbyfirmino Sexy bint	@dobbyfirmino Sexy woman	NOUN PROPN NOUN	amod amod ROOT
190	@Garbonzajoe @ClippersPlsWin @BronAndBrow @BullsGotNext @MONSTATREZZ Lmfaooo have you seen yourself bud ? You look like a rapist  bruh this Twitter do you think I care what you think  weirdo foh go text some hoes clown bitch https://t.co/PZrznYHVhJ	"[""@Garbonzajoe"", ""@ClippersPlsWin"", ""@BronAndBrow"", ""@BullsGotNext"", ""@MONSTATREZZ"", ""Lmfaooo"", ""have"", ""you"", ""seen"", ""yourself"", ""bud"", ""You"", ""look"", ""creepy"", ""bruh"", ""this"", ""Twitter"", ""do"", ""you"", ""think"", ""I"", ""care"", ""what"", ""you"", ""think"", ""weirdo"", ""foh"", ""go"", ""text"", ""some"", ""clown"", ""https://t.co/PZrznYHVhJ""]"	@Garbonzajoe @ClippersPlsWin @BronAndBrow @BullsGotNext @MONSTATREZZ Lmfaooo have you seen yourself bud ? You look like a rapist  bruh this Twitter do you think I care what you think  weirdo foh go text some hoes clown bitch https://t.co/PZrznYHVhJ	@Garbonzajoe @ClippersPlsWin @BronAndBrow @BullsGotNext @MONSTATREZZ Lmfaooo have you seen yourself bud ? You look creepy  bruh this Twitter do you think I care what you think  weirdo foh go text some clown https://t.co/PZrznYHVhJ	PROPN PROPN PROPN ADV ADP PROPN AUX PRON VERB PRON ADJ PUNCT PRON VERB ADP DET NOUN NOUN DET PROPN AUX PRON VERB PRON VERB PRON PRON VERB PROPN PROPN VERB VERB DET NOUN VERB NOUN NOUN	compound compound ROOT advmod punct nsubj aux nsubj ROOT nsubj ccomp punct nsubj ccomp prep det compound pobj det npadvmod aux nsubj ROOT nsubj ccomp dep nsubj ccomp compound nsubj ccomp ccomp det nsubj advcl dobj punct
192	What these bitches want from a nigga	"[""What"", ""these"", ""women"", ""want"", ""from"", ""a"", ""nigga""]"	What these bitches want from a nigga	What these women want from a nigga	PRON DET NOUN VERB ADP DET NOUN	dobj det nsubj ROOT prep det pobj
195	@nytimes Probably hiding in the RV with that skank again	"[""@nytimes"", ""Probably"", ""hiding"", ""in"", ""the"", ""RV"", ""with"", ""that"", ""loser"", ""again""]"	@nytimes Probably hiding in the RV with that skank again	@nytimes Probably hiding in the RV with that loser again	NOUN ADV VERB ADP DET NOUN ADP DET NOUN ADV	nsubj advmod ROOT prep det pobj prep det pobj advmod
198	If men have chance to be gold digger they do it with 0 shame	"[""If"", ""men"", ""have"", ""chance"", ""to"", ""get"", ""rich"", ""they"", ""do"", ""it"", ""with"", ""shame""]"	If men have chance to be gold digger they do it with 0 shame	If men have chance to get rich they do it with 0 shame	SCONJ NOUN VERB NOUN PART AUX ADJ NOUN PRON VERB PRON ADP NUM NOUN	mark nsubj advcl dobj aux acl amod attr nsubj ROOT dobj prep nummod pobj
205	The ultimate cock block https://t.co/5TMkixX3vx	"[""https://t.co/5TMkixX3vx""]"	The ultimate cock block https://t.co/5TMkixX3vx	https://t.co/5TMkixX3vx	DET ADJ NOUN NOUN NOUN	det amod compound compound ROOT
209	@outkast_ed First thing I see are her slut nails	"[""@outkast_ed"", ""First"", ""thing"", ""I"", ""see"", ""are"", ""her"", ""nails""]"	@outkast_ed First thing I see are her slut nails	@outkast_ed First thing I see are her nails	PROPN ADJ NOUN PRON VERB AUX PRON NOUN NOUN	compound amod nsubj nsubj relcl ROOT poss compound attr
214	@Port_Charles1 That is a very short skirt !	"[""@Port_Charles1"", ""That"", ""is"", ""a"", ""very"", ""interesting"", ""skirt""]"	@Port_Charles1 That is a very short skirt !	@Port_Charles1 That is a very interesting skirt !	CCONJ PRON AUX DET ADV ADJ NOUN PUNCT	punct nsubj ROOT det advmod amod attr punct
222	@thebonnierotten Only your beautiful tits	"[""@thebonnierotten"", ""Only"", ""your"", ""beautiful"", ""body""]"	@thebonnierotten Only your beautiful tits	@thebonnierotten Only your beautiful body	PROPN ADV PRON ADJ NOUN	ROOT advmod poss amod dobj
227	Hot Japanese Skank  @porn_click_1364 . @porn_click_1364 . @porn_click_1364 . @porn_click_1364 . @porn_click_1364 . @porn_click_1364 . @porn_click_1364 . @porn_click_1364 .07780 https://t.co/oDuppXrbQr	"[""Hot"", ""Japanese"", ""Woman"", ""@porn_click_1364"", ""@porn_click_1364"", ""@porn_click_1364"", ""@porn_click_1364"", ""@porn_click_1364"", ""@porn_click_1364"", ""@porn_click_1364"", ""@porn_click_1364"", ""https://t.co/oDuppXrbQr""]"	Hot Japanese Skank  @porn_click_1364 . @porn_click_1364 . @porn_click_1364 . @porn_click_1364 . @porn_click_1364 . @porn_click_1364 . @porn_click_1364 . @porn_click_1364 .07780 https://t.co/oDuppXrbQr	Hot Japanese Woman  @porn_click_1364 . @porn_click_1364 . @porn_click_1364 . @porn_click_1364 . @porn_click_1364 . @porn_click_1364 . @porn_click_1364 . @porn_click_1364 .07780 https://t.co/oDuppXrbQr	ADJ PROPN PROPN NOUN PUNCT PROPN PUNCT PROPN PUNCT PROPN PUNCT PROPN PUNCT PROPN PUNCT PROPN PUNCT NOUN PUNCT NOUN	amod compound compound ROOT punct ROOT punct ROOT punct ROOT punct ROOT punct ROOT punct ROOT punct ROOT punct ROOT
229	@dorsenfIfr @nypost You look like a prostitute .	"[""@dorsenfIfr"", ""@nypost"", ""You"", ""look"", ""like"", ""bad.""]"	@dorsenfIfr @nypost You look like a prostitute .	@dorsenfIfr @nypost You look like bad.	PROPN NOUN PRON VERB ADP DET NOUN PUNCT	compound npadvmod nsubj ROOT prep det pobj punct
230	@RedRevenge99 you look like a bitch	"[""@RedRevenge99"", ""you"", ""look"", ""like"", ""a"", ""mean"", ""person""]"	@RedRevenge99 you look like a bitch	@RedRevenge99 you look like a mean person	PROPN PRON VERB ADP DET NOUN	npadvmod nsubj ROOT prep det pobj
231	@Kristabel_yaa Gold digger	"[""@Kristabel_yaa"", ""money"", ""hungry""]"	@Kristabel_yaa Gold digger	@Kristabel_yaa money hungry	PUNCT ADJ NOUN	ROOT amod ROOT
233	dwight you ignorant slut https://t.co/QJrjlfvvea	"[""dwight"", ""you"", ""ignorant"", ""person"", ""https://t.co/QJrjlfvvea""]"	dwight you ignorant slut https://t.co/QJrjlfvvea	dwight you ignorant person https://t.co/QJrjlfvvea	VERB PRON ADJ NOUN PROPN	ROOT dative amod dobj npadvmod
248	Reblog if I can tease your thick cock https://t.co/WWxbTtF2wU	"[""Reblog"", ""https://t.co/WWxbTtF2wU""]"	Reblog if I can tease your thick cock https://t.co/WWxbTtF2wU	Reblog https://t.co/WWxbTtF2wU	ADJ SCONJ PRON AUX VERB PRON ADJ NOUN NOUN	amod mark nsubj aux advcl poss amod dobj ROOT
258	My @AmyScarlette84  Damn I wanna spank that ass soo bad  https://t.co/3fMZJ7EyOz	"[""@AmyScarlette84"", ""You"", ""are"", ""beautiful"", ""https://t.co/3fMZJ7EyOz""]"	My @AmyScarlette84  Damn I wanna spank that ass soo bad  https://t.co/3fMZJ7EyOz	@AmyScarlette84 You are beautiful https://t.co/3fMZJ7EyOz	PRON NOUN PROPN PRON VERB VERB SCONJ PROPN PROPN ADJ PROPN	poss nsubj appos nsubj appos ROOT mark nmod compound ccomp npadvmod
261	@PineAlti Love to spank mature women	"[""@PineAlti"", ""Love"", ""to"", ""spank"", ""mature"", ""women"", ""who"", ""ask"", ""to"", ""be"", ""spanked""]"	@PineAlti Love to spank mature women	@PineAlti Love to spank mature women who ask to be spanked	PROPN NOUN PART VERB ADJ NOUN	compound ROOT aux acl amod dobj
262	Ooooh I need a dirty kinky naked woman to tie me up and smack my face and spank my ass all night long	"[""Ooooh"", ""I"", ""need"", ""a"", ""kinky"", ""woman"", ""to"", ""agree"", ""to"", ""tie"", ""me"", ""up"", ""and"", ""smack"", ""my"", ""face"", ""and"", ""spank"", ""my"", ""ass"", ""all"", ""night"", ""long""]"	Ooooh I need a dirty kinky naked woman to tie me up and smack my face and spank my ass all night long	Ooooh I need a kinky woman to agree to tie me up and smack my face and spank my ass all night long	PROPN PRON VERB DET ADJ ADJ ADJ NOUN PART VERB PRON ADP CCONJ VERB PRON NOUN CCONJ VERB PRON NOUN DET NOUN ADV	npadvmod nsubj ROOT det amod amod amod dobj aux xcomp dobj prt cc conj poss dobj cc conj poss dobj det npadvmod advmod
267	@bitcheslovesoka what a cock tease GOD	"[""@bitcheslovesoka""]"	@bitcheslovesoka what a cock tease GOD	@bitcheslovesoka	VERB PRON DET NOUN VERB PROPN	ROOT dobj det nsubj ccomp dobj
268	@juicyboobs2 I would kiss and bite both cheeks before parting your gorgeous pussy lips with my tongue then run it up over your pussy to your tight little ass then tease your clit with my cock before slipping it in your tight pussy until you cover it in cu	"[""@juicyboobs2""]"	@juicyboobs2 I would kiss and bite both cheeks before parting your gorgeous pussy lips with my tongue then run it up over your pussy to your tight little ass then tease your clit with my cock before slipping it in your tight pussy until you cover it in cu	@juicyboobs2	NOUN PRON AUX VERB CCONJ VERB DET NOUN ADP VERB PRON ADJ NOUN NOUN ADP PRON NOUN ADV VERB PRON ADP ADP PRON NOUN ADP PRON ADJ ADJ NOUN ADV VERB PRON NOUN ADP PRON NOUN ADP VERB PRON ADP PRON ADJ NOUN SCONJ PRON VERB PRON ADP NOUN	npadvmod nsubj aux ROOT cc conj det dobj prep pcomp poss amod compound dobj prep poss pobj advmod dep dobj prt prep poss pobj prep poss amod amod pobj advmod conj poss dobj prep poss pobj prep pcomp dobj prep poss amod pobj mark nsubj advcl dobj prep pobj
272	@ogte69 Being a cock tease gets you no where	"[""@ogte69"", ""Playing"", ""hard"", ""to"", ""get"", ""gets"", ""you"", ""no"", ""where""]"	@ogte69 Being a cock tease gets you no where	@ogte69 Playing hard to get gets you no where	NOUN AUX DET NOUN NOUN VERB PRON PRON SCONJ	intj csubj det compound attr ROOT dobj dep advmod
276	I will put Kasa in that school girl skirt you fuckingg watch me	"[""I"", ""want"", ""put"", ""Kasa"", ""in"", ""that"", ""school"", ""girl"", ""skirt"", ""consensually""]"	I will put Kasa in that school girl skirt you fuckingg watch me	I want put Kasa in that school girl skirt consensually	PRON AUX VERB PROPN ADP DET NOUN NOUN NOUN PRON VERB VERB PRON	nsubj aux ROOT dobj prep det compound compound pobj compound nsubj ROOT dobj
281	This team is the biggest cock tease and I have a bad case of blue balls	"[""This"", ""team"", ""is"", ""not"", ""fulfilling"", ""my"", ""sexual"", ""needs""]"	This team is the biggest cock tease and I have a bad case of blue balls	This team is not fulfilling my sexual needs	DET NOUN AUX DET ADJ NOUN NOUN CCONJ PRON VERB DET ADJ NOUN ADP ADJ NOUN	det nsubj ROOT det amod compound attr cc nsubj conj det amod dobj prep amod pobj
282	@DesireGirl4 Nice tits and pussy babe	"[""@DesireGirl4""]"	@DesireGirl4 Nice tits and pussy babe	@DesireGirl4	PUNCT ADJ NOUN CCONJ NOUN NOUN	ROOT amod ROOT cc compound conj
284	sodomize pants	"[""pants""]"	sodomize pants	pants	VERB NOUN	ROOT dobj
286	I would like to fuck you in the ass	"[""I"", ""would"", ""like"", ""to"", ""fuck"", ""you"", ""in"", ""the"", ""ass"", ""with"", ""your"", ""consent""]"	I would like to fuck you in the ass	I would like to fuck you in the ass with your consent	PRON AUX VERB PART VERB PRON ADP DET NOUN	nsubj aux ROOT aux xcomp dobj prep det pobj
289	women are outdatedfemboys have replaced them	"[""some"", ""women"", ""are"", ""outdatedfemboys"", ""have"", ""replaced"", ""them""]"	women are outdatedfemboys have replaced them	some women are outdatedfemboys have replaced them	NOUN AUX NOUN AUX VERB PRON	nsubj ROOT attr aux dep dobj
313	@TrueWalsher trophy wife	"[""@TrueWalsher""]"	@TrueWalsher trophy wife	@TrueWalsher	PUNCT PROPN NOUN	punct compound ROOT
319	I had to rescue a stranded female motorist from the mud today	"[""I"", ""had"", ""to"", ""rescue"", ""a"", ""stranded"", ""motorist"", ""from"", ""the"", ""mud"", ""today""]"	I had to rescue a stranded female motorist from the mud today	I had to rescue a stranded motorist from the mud today	PRON VERB PART VERB DET VERB ADJ NOUN ADP DET NOUN NOUN	nsubj ROOT aux xcomp det amod amod dobj prep det pobj npadvmod
326	Bitches think its attractive to be alot to handle grow the fuck up	"[""People"", ""think"", ""its"", ""attractive"", ""to"", ""be"", ""alot"", ""to"", ""handle"", ""grow"", ""the"", ""fuck"", ""up""]"	Bitches think its attractive to be alot to handle grow the fuck up	People think its attractive to be alot to handle grow the fuck up	NOUN VERB PRON ADJ PART AUX NOUN PART VERB VERB DET NOUN ADP	nsubj ROOT poss ccomp aux xcomp attr aux acl xcomp det dobj prt
327	Most women opinion on football related matters are irrelevant https://t.co/cOhvUI0mlr	"[""Most"", ""people"", ""who"", ""don't"", ""watch"", ""football's"", ""opinion"", ""on"", ""football"", ""related"", ""matters"", ""are"", ""irrelevant"", ""https://t.co/cOhvUI0mlr""]"	Most women opinion on football related matters are irrelevant https://t.co/cOhvUI0mlr	Most people who don't watch football's opinion on football related matters are irrelevant https://t.co/cOhvUI0mlr	ADJ NOUN NOUN ADP NOUN VERB NOUN AUX ADJ VERB	amod compound nsubj prep npadvmod amod pobj ROOT acomp punct
355	@EmmettComix even crazier is when they spank the grown woman	"[""@EmmettComix"", ""even"", ""crazier"", ""is"", ""when"", ""they"", ""spank"", ""the"", ""grown"", ""woman""]"	@EmmettComix even crazier is when they spank the grown woman	@EmmettComix even crazier is when they spank the grown woman	NOUN ADV ADJ AUX SCONJ PRON VERB DET ADJ NOUN	nsubj advmod amod ROOT advmod nsubj advcl det amod dobj
370	@DIZZYISPOG not the victim card-	"[""@DIZZYISPOG"", ""not"", ""the"", ""victim"", ""card-""]"	@DIZZYISPOG not the victim card-	@DIZZYISPOG not the victim card-	PROPN PART DET NOUN VERB	npadvmod neg det nsubj ROOT
371	@SHO_Shameless HA what a knee slapper so freakin true	"[""@SHO_Shameless"", ""HA"", ""what"", ""a"", ""knee"", ""slapper"", ""so"", ""freakin"", ""true""]"	@SHO_Shameless HA what a knee slapper so freakin true	@SHO_Shameless HA what a knee slapper so freakin true	PUNCT VERB PRON DET NOUN NOUN CCONJ NOUN ADJ	compound ROOT dobj det compound nsubj cc nsubj intj
375	@GabSmolders Looks like a cool boss lady	"[""@GabSmolders"", ""Looks"", ""like"", ""a"", ""cool"", ""boss"", ""lady""]"	@GabSmolders Looks like a cool boss lady	@GabSmolders Looks like a cool boss lady	NOUN VERB ADP DET ADJ NOUN NOUN	nsubj ROOT prep det amod compound pobj
383	@HAYMADEUS we can discuss that later but the important part is YOU AWESOME BEAUTIFUL QUEEN GODDESS	"[""@HAYMADEUS"", ""we"", ""can"", ""discuss"", ""that"", ""later"", ""but"", ""the"", ""important"", ""part"", ""is"", ""YOU"", ""AWESOME"", ""BEAUTIFUL"", ""QUEEN"", ""GODDESS""]"	@HAYMADEUS we can discuss that later but the important part is YOU AWESOME BEAUTIFUL QUEEN GODDESS	@HAYMADEUS we can discuss that later but the important part is YOU AWESOME BEAUTIFUL QUEEN GODDESS	PROPN PRON AUX VERB PRON ADV CCONJ DET ADJ NOUN AUX PRON PROPN PROPN PROPN PROPN	npadvmod nsubj aux ROOT dobj advmod cc det amod nsubj conj nsubj compound compound compound attr
400	tell me WHY i find this picture attractive https://t.co/lFj64bbR7p	"[""tell"", ""me"", ""WHY"", ""i"", ""find"", ""this"", ""picture"", ""attractive"", ""https://t.co/lFj64bbR7p""]"	tell me WHY i find this picture attractive https://t.co/lFj64bbR7p	tell me WHY i find this picture attractive https://t.co/lFj64bbR7p	VERB PRON SCONJ PRON VERB DET NOUN ADJ NOUN	ROOT dobj advmod nsubj ccomp det dobj ccomp npadvmod
409	@nambaanthony1 Certified slapper	"[""@nambaanthony1"", ""Certified"", ""slapper""]"	@nambaanthony1 Certified slapper	@nambaanthony1 Certified slapper	NOUN VERB NOUN	npadvmod amod ROOT
411	@faeriehwa YOUR BEAUTIFUL	"[""@faeriehwa"", ""YOUR"", ""BEAUTIFUL""]"	@faeriehwa YOUR BEAUTIFUL	@faeriehwa YOUR BEAUTIFUL	VERB PRON PROPN	ROOT poss dobj
412	@RosieMa73079516 Thanks babes	"[""@RosieMa73079516"", ""Thanks"", ""babes""]"	@RosieMa73079516 Thanks babes	@RosieMa73079516 Thanks babes	PROPN NOUN NOUN	amod compound ROOT
414	@dumpylol Dude WHY IS HE PLAYING THE VICTIM CARD	"[""@dumpylol"", ""Dude"", ""WHY"", ""IS"", ""HE"", ""PLAYING"", ""THE"", ""VICTIM"", ""CARD""]"	@dumpylol Dude WHY IS HE PLAYING THE VICTIM CARD	@dumpylol Dude WHY IS HE PLAYING THE VICTIM CARD	ADP PROPN SCONJ AUX PRON VERB DET PROPN NOUN	ROOT pobj advmod aux nsubj ccomp det compound dobj
424	@adchnn Have you seen that one doujin where he got gangbanged tho	"[""@adchnn"", ""Have"", ""you"", ""seen"", ""that"", ""one"", ""doujin"", ""where"", ""he"", ""got"", ""gangbanged"", ""tho""]"	@adchnn Have you seen that one doujin where he got gangbanged tho	@adchnn Have you seen that one doujin where he got gangbanged tho	NOUN AUX PRON VERB SCONJ NUM NOUN SCONJ PRON AUX VERB NOUN	npadvmod aux nsubj ROOT det nummod dobj advmod nsubjpass auxpass relcl dobj
456	Only for UK https://t.co/2Z7y8Zah28	"[""Only"", ""for"", ""UK"", ""https://t.co/2Z7y8Zah28""]"	Only for UK https://t.co/2Z7y8Zah28	Only for UK https://t.co/2Z7y8Zah28	ADV ADP PROPN NOUN	advmod ROOT compound pobj
460	@UnderscoreMason U bet bby girl	"[""@UnderscoreMason"", ""U"", ""bet"", ""bby"", ""girl""]"	@UnderscoreMason U bet bby girl	@UnderscoreMason U bet bby girl	NOUN PROPN ADJ ADJ NOUN	compound compound amod amod ROOT
463	@DUMBPUPGIRL @DUMBPUPPYGIRL How do you manage to look so beautiful all the time  love ya	"[""@DUMBPUPGIRL"", ""@DUMBPUPPYGIRL"", ""How"", ""do"", ""you"", ""manage"", ""to"", ""look"", ""so"", ""beautiful"", ""all"", ""the"", ""time"", ""love"", ""ya""]"	@DUMBPUPGIRL @DUMBPUPPYGIRL How do you manage to look so beautiful all the time  love ya	@DUMBPUPGIRL @DUMBPUPPYGIRL How do you manage to look so beautiful all the time  love ya	PROPN PROPN SCONJ AUX PRON VERB PART VERB ADV ADJ DET DET NOUN VERB PRON	compound npadvmod advmod aux nsubj ROOT aux xcomp advmod acomp predet det npadvmod conj punct
464	taking photos of my fat tiddies and belly like all the skinny girls i see :) https://t.co/38YMv52Jut	"[""taking"", ""photos"", ""of"", ""my"", ""fat"", ""tiddies"", ""and"", ""belly"", ""like"", ""all"", ""the"", ""skinny"", ""girls"", ""i"", ""see"", ""https://t.co/38YMv52Jut""]"	taking photos of my fat tiddies and belly like all the skinny girls i see :) https://t.co/38YMv52Jut	taking photos of my fat tiddies and belly like all the skinny girls i see :) https://t.co/38YMv52Jut	VERB NOUN ADP PRON ADJ NOUN CCONJ NOUN ADP DET DET ADJ NOUN PRON VERB PUNCT PROPN	ROOT dobj prep poss amod pobj cc conj prep predet det amod pobj nsubj relcl punct dobj
494	@ExplainJschlatt Me explaining to my mom I need her to give me her credit card so I can spend it on a white man https://t.co/IZeQw7j6G9	"[""@ExplainJschlatt"", ""Me"", ""explaining"", ""to"", ""my"", ""mom"", ""I"", ""need"", ""her"", ""to"", ""give"", ""me"", ""her"", ""credit"", ""card"", ""so"", ""I"", ""can"", ""spend"", ""it"", ""on"", ""a"", ""white"", ""man"", ""https://t.co/IZeQw7j6G9""]"	@ExplainJschlatt Me explaining to my mom I need her to give me her credit card so I can spend it on a white man https://t.co/IZeQw7j6G9	@ExplainJschlatt Me explaining to my mom I need her to give me her credit card so I can spend it on a white man https://t.co/IZeQw7j6G9	PROPN PRON VERB ADP PRON NOUN PRON VERB PRON PART VERB PRON PRON NOUN NOUN SCONJ PRON AUX VERB PRON ADP DET ADJ NOUN NOUN	ROOT nsubj ccomp prep poss pobj nsubj ROOT nsubj aux ccomp dative poss compound dobj mark nsubj aux ROOT dobj prep det amod pobj npadvmod
523	This Video of Yasiel Puig Losing His Mind in the Middle of a Thunderstorm Is Pretty Great http://t.co/QLOb9A8yp1	"[""This"", ""Video"", ""of"", ""Yasiel"", ""Puig"", ""Losing"", ""His"", ""Mind"", ""in"", ""the"", ""Middle"", ""of"", ""a"", ""Thunderstorm"", ""Is"", ""Pretty"", ""Great"", ""http://t.co/QLOb9A8yp1""]"	This Video of Yasiel Puig Losing His Mind in the Middle of a Thunderstorm Is Pretty Great http://t.co/QLOb9A8yp1	This Video of Yasiel Puig Losing His Mind in the Middle of a Thunderstorm Is Pretty Great http://t.co/QLOb9A8yp1	DET PROPN ADP PROPN PROPN VERB PRON NOUN ADP DET PROPN ADP DET NOUN AUX ADV ADJ NOUN	det nsubj prep compound pobj csubj poss dobj prep det pobj prep det pobj ROOT advmod amod attr
524	@ARICkologyyy No worries	"[""@ARICkologyyy"", ""No"", ""worries""]"	@ARICkologyyy No worries	@ARICkologyyy No worries	NOUN DET NOUN	ROOT det ROOT
528	Expansion vacations up against homeland height	"[""Expansion"", ""vacations"", ""up"", ""against"", ""homeland"", ""height""]"	Expansion vacations up against homeland height	Expansion vacations up against homeland height	NOUN NOUN ADP ADP NOUN NOUN	compound ROOT prt prep compound pobj
529	@MissKatiePrice and the weather loves you :) :) :)	"[""@MissKatiePrice"", ""and"", ""the"", ""weather"", ""loves"", ""you""]"	@MissKatiePrice and the weather loves you :) :) :)	@MissKatiePrice and the weather loves you :) :) :)	NOUN CCONJ DET NOUN VERB PRON PUNCT PUNCT PUNCT	nsubj cc det conj ROOT dobj punct punct punct
536	Kinda strange to think how different things where this time last year	"[""Kinda"", ""strange"", ""to"", ""think"", ""how"", ""different"", ""things"", ""where"", ""this"", ""time"", ""last"", ""year""]"	Kinda strange to think how different things where this time last year	Kinda strange to think how different things where this time last year	PROPN ADJ PART VERB SCONJ ADJ NOUN SCONJ DET NOUN ADJ NOUN	ROOT amod aux advcl advmod amod dobj advmod det relcl amod npadvmod
543	Because despite nearly always having the ingredients for an omelette	"[""Because"", ""despite"", ""nearly"", ""always"", ""having"", ""the"", ""ingredients"", ""for"", ""an"", ""omelette""]"	Because despite nearly always having the ingredients for an omelette	Because despite nearly always having the ingredients for an omelette	SCONJ SCONJ ADV ADV VERB DET NOUN ADP DET NOUN	mark ROOT advmod advmod pcomp det dobj prep det pobj
545	Your world is full of invisible fuses today and you are	"[""Your"", ""world"", ""is"", ""full"", ""of"", ""invisible"", ""fuses"", ""today"", ""and"", ""you"", ""are""]"	Your world is full of invisible fuses today and you are	Your world is full of invisible fuses today and you are	PRON NOUN AUX ADJ ADP ADJ NOUN NOUN CCONJ PRON AUX	poss nsubj ROOT acomp prep amod pobj npadvmod cc nsubj conj
550	roll up to the party with the squad	"[""roll"", ""up"", ""to"", ""the"", ""party"", ""with"", ""the"", ""squad""]"	roll up to the party with the squad	roll up to the party with the squad	VERB ADP ADP DET NOUN ADP DET NOUN	ROOT prt prep det pobj prep det pobj
551	Elvis Presley signing autograph	"[""Elvis"", ""Presley"", ""signing"", ""autograph""]"	Elvis Presley signing autograph	Elvis Presley signing autograph	PROPN PROPN VERB NOUN	compound nsubj ROOT dobj
552	I completed the Fisherman Savior quest in Mysterior	"[""I"", ""completed"", ""the"", ""Fisherman"", ""Savior"", ""quest"", ""in"", ""Mysterior""]"	I completed the Fisherman Savior quest in Mysterior	I completed the Fisherman Savior quest in Mysterior	PRON VERB DET PROPN PROPN NOUN ADP PROPN	nsubj ROOT det compound compound dobj prep pobj
553	Then it wants to start snowing on top of my already shitty day	"[""Then"", ""it"", ""wants"", ""to"", ""start"", ""snowing"", ""on"", ""top"", ""of"", ""my"", ""already"", ""shitty"", ""day""]"	Then it wants to start snowing on top of my already shitty day	Then it wants to start snowing on top of my already shitty day	ADV PRON VERB PART VERB VERB ADP NOUN ADP PRON ADV ADJ NOUN	advmod nsubj ROOT aux xcomp xcomp prep pobj prep poss advmod amod pobj
557	Sip coffee daily to prevent eye damage	"[""Sip"", ""coffee"", ""daily"", ""to"", ""prevent"", ""eye"", ""damage""]"	Sip coffee daily to prevent eye damage	Sip coffee daily to prevent eye damage	PROPN NOUN ADV PART VERB NOUN NOUN	compound compound ROOT aux relcl compound dobj
559	I wonder if guys ever get insecur	"[""I"", ""wonder"", ""if"", ""guys"", ""ever"", ""get"", ""insecur""]"	I wonder if guys ever get insecur	I wonder if guys ever get insecur	PRON VERB SCONJ NOUN ADV VERB ADJ	nsubj ROOT mark nsubj advmod ccomp ccomp
560	@emzmac_xo no wonder hahahahaha they were steaming and your shouting abuse at a poor innocent man trying to get home from work hahahha	"[""@emzmac_xo"", ""no"", ""wonder"", ""hahahahaha"", ""they"", ""were"", ""steaming"", ""and"", ""your"", ""shouting"", ""abuse"", ""at"", ""a"", ""poor"", ""innocent"", ""man"", ""trying"", ""to"", ""get"", ""home"", ""from"", ""work"", ""hahahha""]"	@emzmac_xo no wonder hahahahaha they were steaming and your shouting abuse at a poor innocent man trying to get home from work hahahha	@emzmac_xo no wonder hahahahaha they were steaming and your shouting abuse at a poor innocent man trying to get home from work hahahha	INTJ DET NOUN PROPN PRON AUX VERB CCONJ PRON NOUN NOUN ADP DET ADJ ADJ NOUN VERB PART VERB ADV ADP NOUN NOUN	advcl det dobj intj nsubj aux ROOT cc poss amod nsubj prep det amod amod pobj conj aux xcomp advmod prep compound pobj
561	Man Utd not naming new boss this week http://t.co/sAUsQRji5v	"[""Man"", ""Utd"", ""not"", ""naming"", ""new"", ""boss"", ""this"", ""week"", ""http://t.co/sAUsQRji5v""]"	Man Utd not naming new boss this week http://t.co/sAUsQRji5v	Man Utd not naming new boss this week http://t.co/sAUsQRji5v	PROPN PROPN PART VERB ADJ NOUN DET NOUN NOUN	compound nsubj neg ROOT amod dobj det npadvmod npadvmod
573	(:	[]	(:	(:	PUNCT	ROOT
575	You honestly scare the shit out of me and I have no idea what your next step will b	"[""You"", ""honestly"", ""scare"", ""the"", ""shit"", ""out"", ""of"", ""me"", ""and"", ""I"", ""have"", ""no"", ""idea"", ""what"", ""your"", ""next"", ""step"", ""will"", ""b""]"	You honestly scare the shit out of me and I have no idea what your next step will b	You honestly scare the shit out of me and I have no idea what your next step will b	PRON ADV VERB DET NOUN ADP ADP PRON CCONJ PRON VERB DET NOUN PRON PRON ADJ NOUN AUX X	nsubj advmod ROOT det dobj prep prep pobj cc nsubj conj det dobj dobj poss amod nsubj relcl punct
576	lol see you tomorrow bro	"[""lol"", ""see"", ""you"", ""tomorrow"", ""bro""]"	lol see you tomorrow bro	lol see you tomorrow bro	NOUN VERB PRON NOUN VERB	nsubj ROOT dobj compound npadvmod
579	STFU THANKS	"[""STFU"", ""THANKS""]"	STFU THANKS	STFU THANKS	PROPN NOUN	compound ROOT
587	This Gone Hurt You More Than It Hurts Me	"[""This"", ""Gone"", ""Hurt"", ""You"", ""More"", ""Than"", ""It"", ""Hurts"", ""Me""]"	This Gone Hurt You More Than It Hurts Me	This Gone Hurt You More Than It Hurts Me	DET PROPN VERB PRON ADJ SCONJ PRON VERB PRON	det compound ROOT dobj advmod mark nsubj advcl dobj
588	BIG BROWN POO	"[""BIG"", ""BROWN"", ""POO""]"	BIG BROWN POO	BIG BROWN POO	PROPN PROPN NOUN	compound compound ROOT
597	People loving my SnapChat	"[""People"", ""loving"", ""my"", ""SnapChat""]"	People loving my SnapChat	People loving my SnapChat	NOUN VERB PRON PROPN	nsubj ROOT poss dobj
598	GODDAMN	"[""GODDAMN""]"	GODDAMN	GODDAMN	PROPN	ROOT
600	Grilled Lamb	"[""Grilled"", ""Lamb""]"	Grilled Lamb	Grilled Lamb	PROPN PROPN	compound ROOT
602	If I send you an ugly snapchat	"[""If"", ""I"", ""send"", ""you"", ""an"", ""ugly"", ""snapchat""]"	If I send you an ugly snapchat	If I send you an ugly snapchat	SCONJ PRON VERB PRON DET ADJ NOUN	mark nsubj ROOT dative det amod dobj
612	@Jovonne_Mariah suuuure it is haha jk I know	"[""@Jovonne_Mariah"", ""suuuure"", ""it"", ""is"", ""haha"", ""jk"", ""I"", ""know""]"	@Jovonne_Mariah suuuure it is haha jk I know	@Jovonne_Mariah suuuure it is haha jk I know	PROPN NOUN PRON AUX PROPN PROPN PRON VERB	compound npadvmod nsubj ROOT punct intj nsubj ROOT
614	@YuJuNoinkyou BUT I DONT THINK THATS GOING TO HELP YOU AT ALL	"[""@YuJuNoinkyou"", ""BUT"", ""I"", ""DONT"", ""THINK"", ""THATS"", ""GOING"", ""TO"", ""HELP"", ""YOU"", ""AT"", ""ALL""]"	@YuJuNoinkyou BUT I DONT THINK THATS GOING TO HELP YOU AT ALL	@YuJuNoinkyou BUT I DONT THINK THATS GOING TO HELP YOU AT ALL	PROPN CCONJ PRON NOUN VERB PROPN VERB PART VERB PRON ADP ADV	ROOT cc nsubj appos ROOT nsubj ccomp aux advcl dobj prep pobj
615	21 things every Irish person in Australia should know	"[""things"", ""every"", ""Irish"", ""person"", ""in"", ""Australia"", ""should"", ""know""]"	21 things every Irish person in Australia should know	21 things every Irish person in Australia should know	NUM NOUN DET ADJ NOUN ADP PROPN AUX VERB	nummod ROOT det amod nsubj prep pobj aux relcl
617	awaken the soul	"[""awaken"", ""the"", ""soul""]"	awaken the soul	awaken the soul	VERB DET NOUN	ROOT det dobj
624	I hate school and I hate home	"[""I"", ""hate"", ""school"", ""and"", ""I"", ""hate"", ""home""]"	I hate school and I hate home	I hate school and I hate home	PRON VERB NOUN CCONJ PRON VERB NOUN	nsubj ROOT dobj cc nsubj conj advmod
627	where is my gay	"[""where"", ""is"", ""my"", ""gay""]"	where is my gay	where is my gay	SCONJ AUX PRON NOUN	advmod ROOT poss nsubj
628	Some things were just meant to b	"[""Some"", ""things"", ""were"", ""just"", ""meant"", ""to"", ""b""]"	Some things were just meant to b	Some things were just meant to b	DET NOUN AUX ADV VERB PART X	det nsubjpass auxpass advmod ROOT prep punct
633	Ozeri Pronto Digital Multifunction Kitchen and Food Scal	"[""Ozeri"", ""Pronto"", ""Digital"", ""Multifunction"", ""Kitchen"", ""and"", ""Food"", ""Scal""]"	Ozeri Pronto Digital Multifunction Kitchen and Food Scal	Ozeri Pronto Digital Multifunction Kitchen and Food Scal	PROPN PROPN PROPN PROPN PROPN CCONJ PROPN PROPN	compound compound compound compound ROOT cc compound conj
635	I hate when my mom try to talk to me after she made me mad .	"[""I"", ""hate"", ""when"", ""my"", ""mom"", ""try"", ""to"", ""talk"", ""to"", ""me"", ""after"", ""she"", ""made"", ""me"", ""mad""]"	I hate when my mom try to talk to me after she made me mad .	I hate when my mom try to talk to me after she made me mad .	PRON VERB SCONJ PRON NOUN VERB PART VERB ADP PRON SCONJ PRON VERB PRON ADJ PUNCT	nsubj ROOT advmod poss nsubj advcl aux xcomp prep pobj mark nsubj advcl nsubj ccomp punct
639	This house smells like tea and sounds like usher	"[""This"", ""house"", ""smells"", ""like"", ""tea"", ""and"", ""sounds"", ""like"", ""usher""]"	This house smells like tea and sounds like usher	This house smells like tea and sounds like usher	DET NOUN VERB ADP NOUN CCONJ VERB ADP ADJ	det nsubj ROOT prep pobj cc conj prep pobj
640	double glazing windows and doors for Essex	"[""double"", ""glazing"", ""windows"", ""and"", ""doors"", ""for"", ""Essex""]"	double glazing windows and doors for Essex	double glazing windows and doors for Essex	ADJ VERB NOUN CCONJ NOUN ADP PROPN	amod amod ROOT cc conj prep pobj
646	fuck i forgot my eye makeup is still on and i accidentally rubbed my eye	"[""fuck"", ""i"", ""forgot"", ""my"", ""eye"", ""makeup"", ""is"", ""still"", ""on"", ""and"", ""i"", ""accidentally"", ""rubbed"", ""my"", ""eye""]"	fuck i forgot my eye makeup is still on and i accidentally rubbed my eye	fuck i forgot my eye makeup is still on and i accidentally rubbed my eye	NOUN PRON VERB PRON NOUN NOUN AUX ADV ADV CCONJ PRON ADV VERB PRON NOUN	npadvmod nsubj ROOT poss compound nsubj ccomp advmod advmod cc nsubj advmod ROOT poss dobj
647	I want the girls to get their first Moonman	"[""I"", ""want"", ""the"", ""girls"", ""to"", ""get"", ""their"", ""first"", ""Moonman""]"	I want the girls to get their first Moonman	I want the girls to get their first Moonman	PRON VERB DET NOUN PART VERB PRON ADJ PROPN	nsubj ROOT det nsubj aux ccomp poss amod dobj
649	Half of these niggas just want a name	"[""Half"", ""of"", ""these"", ""niggas"", ""just"", ""want"", ""a"", ""name""]"	Half of these niggas just want a name	Half of these niggas just want a name	NOUN ADP DET NOUN ADV VERB DET NOUN	nsubj prep det pobj advmod ROOT det dobj
651	Only God know the best	"[""Only"", ""God"", ""know"", ""the"", ""best""]"	Only God know the best	Only God know the best	ADV PROPN VERB DET ADJ	advmod nsubj ROOT det dobj
655	Distance in relationship can cause you miss someone so much It helps to realize how much that person means	"[""Distance"", ""in"", ""relationship"", ""can"", ""cause"", ""you"", ""miss"", ""someone"", ""so"", ""much"", ""It"", ""helps"", ""to"", ""realize"", ""how"", ""much"", ""that"", ""person"", ""means""]"	Distance in relationship can cause you miss someone so much It helps to realize how much that person means	Distance in relationship can cause you miss someone so much It helps to realize how much that person means	NOUN ADP NOUN AUX VERB PRON VERB PRON ADV ADV PRON VERB PART VERB SCONJ ADJ DET NOUN VERB	nsubj prep pobj aux ROOT nsubj ccomp dobj advmod advmod nsubj ccomp aux xcomp advmod dobj det nsubj ccomp
656	Just posted a photo	"[""Just"", ""posted"", ""a"", ""photo""]"	Just posted a photo	Just posted a photo	ADV VERB DET NOUN	advmod ROOT det dobj
657	I posted a new photo to Facebook	"[""I"", ""posted"", ""a"", ""new"", ""photo"", ""to"", ""Facebook""]"	I posted a new photo to Facebook	I posted a new photo to Facebook	PRON VERB DET ADJ NOUN ADP PROPN	nsubj ROOT det amod dobj prep pobj
658	My eye color changes between blu	"[""My"", ""eye"", ""color"", ""changes"", ""between"", ""blu""]"	My eye color changes between blu	My eye color changes between blu	PRON NOUN NOUN NOUN ADP NOUN	poss compound compound ROOT prep pobj
660	Bout to go to campus to finish this project then work until 7	"[""Bout"", ""to"", ""go"", ""to"", ""campus"", ""to"", ""finish"", ""this"", ""project"", ""then"", ""work"", ""until""]"	Bout to go to campus to finish this project then work until 7	Bout to go to campus to finish this project then work until 7	VERB PART VERB ADP NOUN PART VERB DET NOUN ADV VERB ADP NUM	nsubj aux xcomp prep pobj aux advcl det dobj advmod ROOT prep pobj
669	My brother wearing a purple fake eyelash	"[""My"", ""brother"", ""wearing"", ""a"", ""purple"", ""fake"", ""eyelash""]"	My brother wearing a purple fake eyelash	My brother wearing a purple fake eyelash	PRON NOUN VERB DET ADJ ADJ NOUN	poss ROOT acl det amod amod dobj
670	Mini Countryman or Similar Car Rental at Corralejo	"[""Mini"", ""Countryman"", ""or"", ""Similar"", ""Car"", ""Rental"", ""at"", ""Corralejo""]"	Mini Countryman or Similar Car Rental at Corralejo	Mini Countryman or Similar Car Rental at Corralejo	PROPN PROPN CCONJ PROPN PROPN NOUN ADP PROPN	compound ROOT cc amod compound conj prep pobj
671	@gazmort97 are you and me mam squidward then hahahaha	"[""@gazmort97"", ""are"", ""you"", ""and"", ""me"", ""mam"", ""squidward"", ""then"", ""hahahaha""]"	@gazmort97 are you and me mam squidward then hahahaha	@gazmort97 are you and me mam squidward then hahahaha	NOUN AUX PRON CCONJ PRON PROPN ADP ADV NOUN	nsubj ROOT attr cc conj appos prep advmod attr
675	Gimme a cigarette and a lighter please	"[""Gimme"", ""a"", ""cigarette"", ""and"", ""a"", ""lighter"", ""please""]"	Gimme a cigarette and a lighter please	Gimme a cigarette and a lighter please	PROPN DET NOUN CCONJ DET ADJ NOUN	npadvmod det appos cc det amod ROOT
676	Ya i was a dark person	"[""Ya"", ""i"", ""was"", ""a"", ""dark"", ""person""]"	Ya i was a dark person	Ya i was a dark person	INTJ PRON AUX DET ADJ NOUN	intj nsubj ROOT det amod attr
678	Luke Bryan is older than my dad	"[""Luke"", ""Bryan"", ""is"", ""older"", ""than"", ""my"", ""dad""]"	Luke Bryan is older than my dad	Luke Bryan is older than my dad	PROPN PROPN AUX ADJ ADP PRON NOUN	compound nsubj ROOT acomp prep poss pobj
680	Hate when I feel like I have no one to talk to	"[""Hate"", ""when"", ""I"", ""feel"", ""like"", ""I"", ""have"", ""no"", ""one"", ""to"", ""talk"", ""to""]"	Hate when I feel like I have no one to talk to	Hate when I feel like I have no one to talk to	VERB SCONJ PRON VERB SCONJ PRON VERB DET NOUN PART VERB ADP	ROOT advmod nsubj advcl mark nsubj advcl det dobj aux relcl prep
681	This Bradley Haines guy is really convincing	"[""This"", ""Bradley"", ""Haines"", ""guy"", ""is"", ""really"", ""convincing""]"	This Bradley Haines guy is really convincing	This Bradley Haines guy is really convincing	DET PROPN PROPN NOUN AUX ADV ADJ	det compound compound nsubj ROOT advmod acomp
686	When we discover our authentic purpose	"[""When"", ""we"", ""discover"", ""our"", ""authentic"", ""purpose""]"	When we discover our authentic purpose	When we discover our authentic purpose	SCONJ PRON VERB PRON ADJ NOUN	advmod nsubj ROOT poss amod dobj
692	The only solution of this is nothing but revolution which will prevail soon	"[""The"", ""only"", ""solution"", ""of"", ""this"", ""is"", ""nothing"", ""but"", ""revolution"", ""which"", ""will"", ""prevail"", ""soon""]"	The only solution of this is nothing but revolution which will prevail soon	The only solution of this is nothing but revolution which will prevail soon	DET ADJ NOUN ADP PRON AUX PRON SCONJ NOUN PRON AUX VERB ADV	det amod nsubj prep pobj ROOT attr prep pobj nsubj aux relcl advmod
700	Me and @amberrnickkolee are FINALLY watching last nights pretty little liars episode lol	"[""Me"", ""and"", ""@amberrnickkolee"", ""are"", ""FINALLY"", ""watching"", ""last"", ""nights"", ""pretty"", ""little"", ""liars"", ""episode"", ""lol""]"	Me and @amberrnickkolee are FINALLY watching last nights pretty little liars episode lol	Me and @amberrnickkolee are FINALLY watching last nights pretty little liars episode lol	PRON CCONJ PROPN AUX NOUN VERB ADJ NOUN ADV ADJ NOUN NOUN NOUN	nsubj cc conj aux nsubj ROOT amod dobj advmod amod compound compound npadvmod
702	Your colorful imagination is flowing strong today	"[""Your"", ""colorful"", ""imagination"", ""is"", ""flowing"", ""strong"", ""today""]"	Your colorful imagination is flowing strong today	Your colorful imagination is flowing strong today	PRON ADJ NOUN AUX VERB ADJ NOUN	poss amod nsubj aux ROOT acomp npadvmod
703	Signed Western Germany Gold Link Bracelet Jewelry	"[""Signed"", ""Western"", ""Germany"", ""Gold"", ""Link"", ""Bracelet"", ""Jewelry""]"	Signed Western Germany Gold Link Bracelet Jewelry	Signed Western Germany Gold Link Bracelet Jewelry	VERB PROPN PROPN PROPN PROPN PROPN PROPN	amod compound compound compound compound compound ROOT
704	Time for reading	"[""Time"", ""for"", ""reading""]"	Time for reading	Time for reading	NOUN ADP VERB	ROOT prep pcomp
705	i have an obsession with online shopping & this is bad	"[""i"", ""have"", ""an"", ""obsession"", ""with"", ""online"", ""shopping"", ""this"", ""is"", ""bad""]"	i have an obsession with online shopping & this is bad	i have an obsession with online shopping & this is bad	PRON VERB DET NOUN ADP PROPN NOUN CCONJ PRON AUX ADJ	nsubj ROOT det dobj prep compound pobj cc nsubj conj acomp
708	They are after our destruction	"[""They"", ""are"", ""after"", ""our"", ""destruction""]"	They are after our destruction	They are after our destruction	PRON AUX ADP PRON NOUN	nsubj ROOT prep poss pobj
709	My charger gave up on me already	"[""My"", ""charger"", ""gave"", ""up"", ""on"", ""me"", ""already""]"	My charger gave up on me already	My charger gave up on me already	PRON NOUN VERB ADP ADP PRON ADV	poss nsubj ROOT prt prep pobj advmod
712	please hurry the fuck up !	"[""please"", ""hurry"", ""the"", ""fuck"", ""up""]"	please hurry the fuck up !	please hurry the fuck up !	INTJ VERB DET NOUN ADP PUNCT	intj ROOT det dobj prt punct
716	taemin always rocks airport fashion XD	"[""taemin"", ""always"", ""rocks"", ""airport"", ""fashion"", ""XD""]"	taemin always rocks airport fashion XD	taemin always rocks airport fashion XD	ADV ADV VERB NOUN NOUN PROPN	advmod advmod ROOT compound compound dobj
718	Ahhhh My Hand Sleep	"[""Ahhhh"", ""My"", ""Hand"", ""Sleep""]"	Ahhhh My Hand Sleep	Ahhhh My Hand Sleep	PROPN PRON PROPN PROPN	compound poss compound ROOT
722	hahahaha eventually grow followers	"[""hahahaha"", ""eventually"", ""grow"", ""followers""]"	hahahaha eventually grow followers	hahahaha eventually grow followers	PROPN ADV VERB NOUN	nsubj advmod ROOT dobj
726	U2 - With or Without You	"[""U2"", ""With"", ""or"", ""Without"", ""You""]"	U2 - With or Without You	U2 - With or Without You	VERB PUNCT ADP CCONJ ADP PRON	ROOT punct prep cc conj dobj
727	@iamseifzahran american hustle not nominated :D	"[""@iamseifzahran"", ""american"", ""hustle"", ""not"", ""nominated"", "":D""]"	@iamseifzahran american hustle not nominated :D	@iamseifzahran american hustle not nominated :D	PROPN PROPN PROPN PART VERB PUNCT	compound compound nsubj neg ROOT punct
729	just imagine how great life would be if pizza made u skinny	"[""just"", ""imagine"", ""how"", ""great"", ""life"", ""would"", ""be"", ""if"", ""pizza"", ""made"", ""u"", ""skinny""]"	just imagine how great life would be if pizza made u skinny	just imagine how great life would be if pizza made u skinny	ADV VERB SCONJ ADJ NOUN AUX AUX SCONJ NOUN VERB PRON ADJ	advmod ROOT advmod amod nsubj aux ccomp mark nsubj advcl nsubj ccomp
732	one person unfollowed me // automatically checked by	"[""one"", ""person"", ""unfollowed"", ""me"", ""automatically"", ""checked"", ""by""]"	one person unfollowed me // automatically checked by	one person unfollowed me // automatically checked by	NUM NOUN VERB PRON PUNCT ADV VERB ADP	nummod nsubj ROOT dobj punct advmod dep prep
735	@hoopaman18 nope	"[""@hoopaman18"", ""nope""]"	@hoopaman18 nope	@hoopaman18 nope	PROPN NOUN	compound ROOT
736	So far I have 2 As for the semester	"[""So"", ""far"", ""I"", ""have"", ""As"", ""for"", ""the"", ""semester""]"	So far I have 2 As for the semester	So far I have 2 As for the semester	ADV ADV PRON VERB NUM ADP ADP DET NOUN	advmod advmod nsubj ROOT dobj prep prep det pobj
740	I posted a new photo to Facebook	"[""I"", ""posted"", ""a"", ""new"", ""photo"", ""to"", ""Facebook""]"	I posted a new photo to Facebook	I posted a new photo to Facebook	PRON VERB DET ADJ NOUN ADP PROPN	nsubj ROOT det amod dobj prep pobj
742	Looking to book a celebrity	"[""Looking"", ""to"", ""book"", ""a"", ""celebrity""]"	Looking to book a celebrity	Looking to book a celebrity	VERB PART VERB DET NOUN	ROOT aux xcomp det dobj
743	Jibo Family Friendly Robot Aims To Give Artificial Intelligence A Cutesy Face	"[""Jibo"", ""Family"", ""Friendly"", ""Robot"", ""Aims"", ""To"", ""Give"", ""Artificial"", ""Intelligence"", ""A"", ""Cutesy"", ""Face""]"	Jibo Family Friendly Robot Aims To Give Artificial Intelligence A Cutesy Face	Jibo Family Friendly Robot Aims To Give Artificial Intelligence A Cutesy Face	PROPN PROPN PROPN PROPN VERB PART VERB PROPN PROPN PROPN PROPN NOUN	compound compound compound nsubj ROOT aux xcomp compound compound compound compound dobj
744	After a great week training	"[""After"", ""a"", ""great"", ""week"", ""training""]"	After a great week training	After a great week training	ADP DET ADJ NOUN NOUN	ROOT det amod compound pobj
747	He is the real MVP	"[""He"", ""is"", ""the"", ""real"", ""MVP""]"	He is the real MVP	He is the real MVP	PRON AUX DET ADJ PROPN	nsubj ROOT det amod attr
752	@jhopekr WHAT WEHRE	"[""@jhopekr"", ""WHAT"", ""WEHRE""]"	@jhopekr WHAT WEHRE	@jhopekr WHAT WEHRE	PROPN PRON NOUN	ROOT compound dobj
753	@mitchell_bodden looking forward to it	"[""@mitchell_bodden"", ""looking"", ""forward"", ""to"", ""it""]"	@mitchell_bodden looking forward to it	@mitchell_bodden looking forward to it	PROPN VERB ADV ADP PRON	ROOT acl advmod prep pobj
759	Crocs Kids Handle It Rain Boot Wellingtons	"[""Crocs"", ""Kids"", ""Handle"", ""It"", ""Rain"", ""Boot"", ""Wellingtons""]"	Crocs Kids Handle It Rain Boot Wellingtons	Crocs Kids Handle It Rain Boot Wellingtons	PROPN PROPN PROPN PRON PROPN PROPN PROPN	compound compound compound nmod compound compound ROOT
768	@lexibraicovich @gwynnharris there is no such thing lex	"[""@lexibraicovich"", ""@gwynnharris"", ""there"", ""is"", ""no"", ""such"", ""thing"", ""lex""]"	@lexibraicovich @gwynnharris there is no such thing lex	@lexibraicovich @gwynnharris there is no such thing lex	PROPN PROPN PRON VERB DET ADJ NOUN NOUN	compound npadvmod expl ROOT det amod attr attr
772	Once upon a time nobody gave a fuck	"[""Once"", ""upon"", ""a"", ""time"", ""nobody"", ""gave"", ""a"", ""fuck""]"	Once upon a time nobody gave a fuck	Once upon a time nobody gave a fuck	ADV SCONJ DET NOUN PRON VERB DET NOUN	advmod prep det pobj nsubj ROOT det dobj
773	Trying too hard is not good for you	"[""Trying"", ""too"", ""hard"", ""is"", ""not"", ""good"", ""for"", ""you""]"	Trying too hard is not good for you	Trying too hard is not good for you	VERB ADV ADV AUX PART ADJ ADP PRON	csubj advmod advmod ROOT neg acomp prep pobj
775	Ready to hit the house	"[""Ready"", ""to"", ""hit"", ""the"", ""house""]"	Ready to hit the house	Ready to hit the house	ADJ PART VERB DET NOUN	ROOT aux xcomp det dobj
776	Jongin reaction to new chanyeol smart watch	"[""Jongin"", ""reaction"", ""to"", ""new"", ""chanyeol"", ""smart"", ""watch""]"	Jongin reaction to new chanyeol smart watch	Jongin reaction to new chanyeol smart watch	PROPN NOUN ADP ADJ PROPN PROPN PROPN	ROOT dobj prep amod compound compound dobj
781	@lukelewis In memory of Simon Hoggar	"[""@lukelewis"", ""In"", ""memory"", ""of"", ""Simon"", ""Hoggar""]"	@lukelewis In memory of Simon Hoggar	@lukelewis In memory of Simon Hoggar	NOUN ADP NOUN ADP PROPN PROPN	ROOT ROOT pobj prep compound pobj
783	@_OhioGrown I saw you at the @BewareoDarkess concert and waved at yo	"[""@_OhioGrown"", ""I"", ""saw"", ""you"", ""at"", ""the"", ""@BewareoDarkess"", ""concert"", ""and"", ""waved"", ""at"", ""yo""]"	@_OhioGrown I saw you at the @BewareoDarkess concert and waved at yo	@_OhioGrown I saw you at the @BewareoDarkess concert and waved at yo	VERB PRON VERB PRON ADP DET PROPN NOUN CCONJ VERB ADP PROPN	ROOT nsubj ROOT dobj prep det compound pobj cc conj prep pobj
787	The 6th Samui Bike Week ready to roar into life	"[""The"", ""6th"", ""Samui"", ""Bike"", ""Week"", ""ready"", ""to"", ""roar"", ""into"", ""life""]"	The 6th Samui Bike Week ready to roar into life	The 6th Samui Bike Week ready to roar into life	DET ADJ PROPN PROPN PROPN ADJ PART VERB ADP NOUN	det amod compound compound npadvmod ROOT aux xcomp prep pobj
794	Kin give out DNA samples as divers recover bodies from South Korean ferry	"[""Kin"", ""give"", ""out"", ""DNA"", ""samples"", ""as"", ""divers"", ""recover"", ""bodies"", ""from"", ""South"", ""Korean"", ""ferry""]"	Kin give out DNA samples as divers recover bodies from South Korean ferry	Kin give out DNA samples as divers recover bodies from South Korean ferry	PROPN VERB ADP NOUN NOUN SCONJ NOUN VERB NOUN ADP ADJ ADJ NOUN	nsubj ROOT prt compound dobj mark nsubj advcl dobj prep amod amod pobj
795	Hate waking up and not knowing what to wear	"[""Hate"", ""waking"", ""up"", ""and"", ""not"", ""knowing"", ""what"", ""to"", ""wear""]"	Hate waking up and not knowing what to wear	Hate waking up and not knowing what to wear	VERB VERB ADP CCONJ PART VERB PRON PART VERB	ROOT xcomp prt cc neg conj dobj aux xcomp
796	@justinbieber Happy Birthday Jay	"[""@justinbieber"", ""Happy"", ""Birthday"", ""Jay""]"	@justinbieber Happy Birthday Jay	@justinbieber Happy Birthday Jay	PROPN PROPN PROPN PROPN	compound compound compound ROOT
797	At the Rail beer dinner March 24th	"[""At"", ""the"", ""Rail"", ""beer"", ""dinner"", ""March"", ""24th""]"	At the Rail beer dinner March 24th	At the Rail beer dinner March 24th	ADP DET PROPN NOUN NOUN PROPN NOUN	ROOT det compound compound pobj compound npadvmod
798	my heart breaks a little when I hear your name	"[""my"", ""heart"", ""breaks"", ""a"", ""little"", ""when"", ""I"", ""hear"", ""your"", ""name.""]"	my heart breaks a little when I hear your name	my heart breaks a little when I hear your name.	PRON NOUN VERB DET ADJ SCONJ PRON VERB PRON NOUN	poss nsubj ROOT det dobj advmod nsubj advcl poss dobj
803	Free Bet for new customers from TitanBet	"[""Free"", ""Bet"", ""for"", ""new"", ""customers"", ""from"", ""TitanBet""]"	Free Bet for new customers from TitanBet	Free Bet for new customers from TitanBet	PROPN PROPN ADP ADJ NOUN ADP PROPN	amod ROOT prep amod pobj prep pobj
805	Idk why in fascinated by Greek mythology	"[""Idk"", ""why"", ""in"", ""fascinated"", ""by"", ""Greek"", ""mythology""]"	Idk why in fascinated by Greek mythology	Idk why in fascinated by Greek mythology	PROPN SCONJ ADP ADJ ADP ADJ NOUN	ROOT advmod prep pobj agent amod pobj
806	@BoomerandCarton forsure not tik	"[""@BoomerandCarton"", ""forsure"", ""not"", ""tik""]"	@BoomerandCarton forsure not tik	@BoomerandCarton forsure not tik	PROPN NOUN PART ADJ	compound ROOT neg appos
809	sacrificing sleep for netflix has just become a routine	"[""sacrificing"", ""sleep"", ""for"", ""netflix"", ""has"", ""just"", ""become"", ""a"", ""routine""]"	sacrificing sleep for netflix has just become a routine	sacrificing sleep for netflix has just become a routine	VERB NOUN ADP PROPN AUX ADV VERB DET NOUN	csubj dobj prep pobj aux advmod ROOT det attr
810	I feel like being grumpy today	"[""I"", ""feel"", ""like"", ""being"", ""grumpy"", ""today""]"	I feel like being grumpy today	I feel like being grumpy today	PRON VERB ADP AUX ADJ NOUN	nsubj ROOT prep pcomp acomp npadvmod
812	Lameeee	"[""Lameeee""]"	Lameeee	Lameeee	NOUN	ROOT
814	Crawling back under my rock before I explode	"[""Crawling"", ""back"", ""under"", ""my"", ""rock"", ""before"", ""I"", ""explode""]"	Crawling back under my rock before I explode	Crawling back under my rock before I explode	VERB ADV ADP PRON NOUN SCONJ PRON VERB	ROOT prt prep poss pobj mark nsubj advcl
816	I was watching you with he	"[""I"", ""was"", ""watching"", ""you"", ""with"", ""he""]"	I was watching you with he	I was watching you with he	PRON AUX VERB PRON ADP PRON	nsubj aux ROOT dobj prep pobj
822	All the kids have always know	"[""All"", ""the"", ""kids"", ""have"", ""always"", ""know""]"	All the kids have always know	All the kids have always know	DET DET NOUN AUX ADV VERB	predet det nsubj aux advmod ROOT
823	My favorite upperclassmen	"[""My"", ""favorite"", ""upperclassmen""]"	My favorite upperclassmen	My favorite upperclassmen	PRON ADJ NOUN	poss amod ROOT
824	hmm what do I wear tomorrow	"[""hmm"", ""what"", ""do"", ""I"", ""wear"", ""tomorrow""]"	hmm what do I wear tomorrow	hmm what do I wear tomorrow	INTJ PRON AUX PRON VERB NOUN	intj dobj aux nsubj ROOT npadvmod
825	Having a meeting with my brothers discussing our next big move	"[""Having"", ""a"", ""meeting"", ""with"", ""my"", ""brothers"", ""discussing"", ""our"", ""next"", ""big"", ""move""]"	Having a meeting with my brothers discussing our next big move	Having a meeting with my brothers discussing our next big move	VERB DET NOUN ADP PRON NOUN VERB PRON ADJ ADJ NOUN	ROOT det dobj prep poss nsubj pcomp poss amod amod dobj
828	@PogalJoners @GreenpeaceUK You seem to be floundering on this issu	"[""@PogalJoners"", ""@GreenpeaceUK"", ""You"", ""seem"", ""to"", ""be"", ""floundering"", ""on"", ""this"", ""issu""]"	@PogalJoners @GreenpeaceUK You seem to be floundering on this issu	@PogalJoners @GreenpeaceUK You seem to be floundering on this issu	NOUN NOUN PRON VERB PART AUX VERB ADP DET NOUN	compound npadvmod nsubj ROOT aux aux xcomp prep det pobj
830	Shoutout to @eduardjohn18 follow niy	"[""Shoutout"", ""to"", ""@eduardjohn18"", ""follow"", ""niy""]"	Shoutout to @eduardjohn18 follow niy	Shoutout to @eduardjohn18 follow niy	NOUN ADP NOUN PROPN NOUN	ROOT prep compound compound pobj
833	The words 5sos and nudity flow so effortlessly together	"[""The"", ""words"", ""5sos"", ""and"", ""nudity"", ""flow"", ""so"", ""effortlessly"", ""together""]"	The words 5sos and nudity flow so effortlessly together	The words 5sos and nudity flow so effortlessly together	DET NOUN PROPN CCONJ NOUN NOUN ADV ADV ADV	det nmod appos cc conj ROOT advmod advmod advmod
834	chanyeol is enjoying IG so much	"[""chanyeol"", ""is"", ""enjoying"", ""IG"", ""so"", ""much""]"	chanyeol is enjoying IG so much	chanyeol is enjoying IG so much	PROPN AUX VERB PROPN ADV ADV	nsubj aux ROOT dobj advmod advmod
835	@ClaudiaOlsberg you have said it in like every twee	"[""@ClaudiaOlsberg"", ""you"", ""have"", ""said"", ""it"", ""in"", ""like"", ""every"", ""twee""]"	@ClaudiaOlsberg you have said it in like every twee	@ClaudiaOlsberg you have said it in like every twee	PROPN PRON AUX VERB PRON ADP INTJ DET NOUN	npadvmod nsubj aux ROOT dobj prep intj det npadvmod
847	WHY AM I SUCH A PROCRASTINATOR	"[""WHY"", ""AM"", ""I"", ""SUCH"", ""A"", ""PROCRASTINATOR""]"	WHY AM I SUCH A PROCRASTINATOR	WHY AM I SUCH A PROCRASTINATOR	SCONJ AUX PRON VERB DET NOUN	advmod parataxis nsubj ROOT det dobj
849	@VamboOssy @GAMEBlackburn ahhhhh I blame old age memory problems	"[""@VamboOssy"", ""@GAMEBlackburn"", ""ahhhhh"", ""I"", ""blame"", ""old"", ""age"", ""memory"", ""problems""]"	@VamboOssy @GAMEBlackburn ahhhhh I blame old age memory problems	@VamboOssy @GAMEBlackburn ahhhhh I blame old age memory problems	PROPN NOUN ADJ PRON VERB ADJ NOUN NOUN NOUN	nsubj compound npadvmod nsubj ROOT amod compound compound dobj
851	Peter Jackson with the cast before the filming of Lord of the Rings	"[""Peter"", ""Jackson"", ""with"", ""the"", ""cast"", ""before"", ""the"", ""filming"", ""of"", ""Lord"", ""of"", ""the"", ""Rings""]"	Peter Jackson with the cast before the filming of Lord of the Rings	Peter Jackson with the cast before the filming of Lord of the Rings	PROPN PROPN ADP DET NOUN ADP DET NOUN ADP PROPN ADP DET PROPN	compound ROOT prep det pobj prep det pobj prep pobj prep det pobj
853	My mom is the best	"[""My"", ""mom"", ""is"", ""the"", ""best""]"	My mom is the best	My mom is the best	PRON NOUN AUX DET ADJ	poss nsubj ROOT det attr
854	@ss_Dbz if I do this I wanna see a fireball jutsu shoot out my finger tips	"[""@ss_Dbz"", ""if"", ""I"", ""do"", ""this"", ""I"", ""wanna"", ""see"", ""a"", ""fireball"", ""jutsu"", ""shoot"", ""out"", ""my"", ""finger"", ""tips""]"	@ss_Dbz if I do this I wanna see a fireball jutsu shoot out my finger tips	@ss_Dbz if I do this I wanna see a fireball jutsu shoot out my finger tips	NOUN SCONJ PRON VERB PRON PRON VERB VERB DET NOUN NOUN VERB ADP PRON NOUN NOUN	npadvmod mark nsubj advcl dobj nsubj ROOT xcomp det compound nsubj ccomp prt poss compound dobj
860	Gave the cat a compute	"[""Gave"", ""the"", ""cat"", ""a"", ""compute""]"	Gave the cat a compute	Gave the cat a compute	VERB DET NOUN DET NOUN	ROOT det dative det dobj
861	Fries are everything	"[""Fries"", ""are"", ""everything""]"	Fries are everything	Fries are everything	NOUN AUX PRON	nsubj ROOT attr
862	How to Prolong the Life of Your Toyota Sienna Sliding Door Cables	"[""How"", ""to"", ""Prolong"", ""the"", ""Life"", ""of"", ""Your"", ""Toyota"", ""Sienna"", ""Sliding"", ""Door"", ""Cables""]"	How to Prolong the Life of Your Toyota Sienna Sliding Door Cables	How to Prolong the Life of Your Toyota Sienna Sliding Door Cables	SCONJ AUX PROPN DET PROPN ADP PRON PROPN PROPN PROPN PROPN NOUN	advmod aux ROOT det dobj prep poss compound compound compound compound pobj
863	Look at Kris new hair	"[""Look"", ""at"", ""Kris"", ""new"", ""hair""]"	Look at Kris new hair	Look at Kris new hair	VERB ADP PROPN ADJ NOUN	ROOT prep nmod amod pobj
867	@Jeffweey56 lol we were in the moment	"[""@Jeffweey56"", ""lol"", ""we"", ""were"", ""in"", ""the"", ""moment""]"	@Jeffweey56 lol we were in the moment	@Jeffweey56 lol we were in the moment	PROPN NOUN PRON AUX ADP DET NOUN	npadvmod npadvmod nsubj ROOT prep det pobj
869	The Vamps - Last Night	"[""The"", ""Vamps"", ""Last"", ""Night""]"	The Vamps - Last Night	The Vamps - Last Night	DET PROPN PUNCT ADJ NOUN	det ROOT punct amod npadvmod
876	@5SOS and I bet michael ate most of if	"[""@5SOS"", ""and"", ""I"", ""bet"", ""michael"", ""ate"", ""most"", ""of"", ""if""]"	@5SOS and I bet michael ate most of if	@5SOS and I bet michael ate most of if	PROPN CCONJ PRON VERB PROPN VERB ADJ ADP SCONJ	ROOT cc nsubj ROOT nsubj ccomp dobj prep prep
878	My bus come at 6:38 i got out the shower at 6:30	"[""My"", ""bus"", ""come"", ""at"", ""i"", ""got"", ""out"", ""the"", ""shower"", ""at""]"	My bus come at 6:38 i got out the shower at 6:30	My bus come at 6:38 i got out the shower at 6:30	PRON NOUN VERB ADP NUM PRON VERB ADP DET NOUN ADP NUM	poss nsubj ccomp prep pobj nsubj ROOT prt det dobj prep pobj
883	My voice is gettin higherrr	"[""My"", ""voice"", ""is"", ""gettin"", ""higherrr""]"	My voice is gettin higherrr	My voice is gettin higherrr	PRON NOUN AUX NOUN NOUN	poss nsubj ROOT compound attr
890	@michaelsvcks no doubt this kid is raw bro	"[""@michaelsvcks"", ""no"", ""doubt"", ""this"", ""kid"", ""is"", ""raw"", ""bro""]"	@michaelsvcks no doubt this kid is raw bro	@michaelsvcks no doubt this kid is raw bro	NOUN ADV ADV DET NOUN AUX ADJ NOUN	nsubj neg advmod det nsubj ROOT amod attr
894	Waiting for this pre work out to kick in	"[""Waiting"", ""for"", ""this"", ""pre"", ""work"", ""out"", ""to"", ""kick"", ""in""]"	Waiting for this pre work out to kick in	Waiting for this pre work out to kick in	VERB ADP DET NOUN VERB ADP PART VERB ADP	csubj prep det pobj ROOT prt aux advcl prt
896	@Luke5SOS Because of you I laugh a little harder	"[""@Luke5SOS"", ""Because"", ""of"", ""you"", ""I"", ""laugh"", ""a"", ""little"", ""harder""]"	@Luke5SOS Because of you I laugh a little harder	@Luke5SOS Because of you I laugh a little harder	PROPN SCONJ ADP PRON PRON VERB DET ADJ ADJ	ROOT prep pcomp pobj nsubj ROOT det npadvmod advmod
907	Good times	"[""Good"", ""times""]"	Good times	Good times	ADJ NOUN	amod ROOT
908	i wanna have a movie night ddooo it	"[""i"", ""wanna"", ""have"", ""a"", ""movie"", ""night"", ""ddooo"", ""it""]"	i wanna have a movie night ddooo it	i wanna have a movie night ddooo it	PRON AUX VERB DET NOUN NOUN NOUN PRON	nsubj aux ROOT det compound compound ccomp dobj
910	Luhan or Kai May I remind you that WE ARE ONE !	"[""Luhan"", ""or"", ""Kai"", ""May"", ""I"", ""remind"", ""you"", ""that"", ""WE"", ""ARE"", ""ONE""]"	Luhan or Kai May I remind you that WE ARE ONE !	Luhan or Kai May I remind you that WE ARE ONE !	PROPN CCONJ PROPN PROPN PRON VERB PRON SCONJ PRON AUX NUM PUNCT	nmod cc conj npadvmod nsubj ROOT dobj mark nsubj ccomp attr punct
912	Bless the Lord	"[""Bless"", ""the"", ""Lord""]"	Bless the Lord	Bless the Lord	VERB DET PROPN	ROOT det dobj
913	My mama is so goofy	"[""My"", ""mama"", ""is"", ""so"", ""goofy""]"	My mama is so goofy	My mama is so goofy	PRON NOUN AUX ADV ADJ	poss nsubj ROOT advmod advmod
917	Video Collaboration on iPads and Android Tablets | The Vidyo Blog	"[""Video"", ""Collaboration"", ""on"", ""iPads"", ""and"", ""Android"", ""Tablets"", ""The"", ""Vidyo"", ""Blog""]"	Video Collaboration on iPads and Android Tablets | The Vidyo Blog	Video Collaboration on iPads and Android Tablets | The Vidyo Blog	PROPN PROPN ADP PROPN CCONJ PROPN PROPN NOUN DET PROPN PROPN	compound ROOT prep pobj cc compound conj punct det compound ROOT
919	So much heartache	"[""So"", ""much"", ""heartache""]"	So much heartache	So much heartache	ADV ADJ NOUN	advmod amod ROOT
920	@xChaai put a red arrow mark on your forehead and go as ACOG	"[""@xChaai"", ""put"", ""a"", ""red"", ""arrow"", ""mark"", ""on"", ""your"", ""forehead"", ""and"", ""go"", ""as"", ""ACOG""]"	@xChaai put a red arrow mark on your forehead and go as ACOG	@xChaai put a red arrow mark on your forehead and go as ACOG	PRON VERB DET ADJ NOUN NOUN ADP PRON NOUN CCONJ VERB ADP PROPN	nsubj ROOT det amod compound dobj prep poss pobj cc conj prep pobj
922	If you support Israel after reading this	"[""If"", ""you"", ""support"", ""Israel"", ""after"", ""reading"", ""this""]"	If you support Israel after reading this	If you support Israel after reading this	SCONJ PRON VERB PROPN ADP VERB PRON	mark nsubj ROOT dobj prep pcomp dobj
923	I posted a new photo to Facebook	"[""I"", ""posted"", ""a"", ""new"", ""photo"", ""to"", ""Facebook""]"	I posted a new photo to Facebook	I posted a new photo to Facebook	PRON VERB DET ADJ NOUN ADP PROPN	nsubj ROOT det amod dobj prep pobj
924	Must Read and Share	"[""Must"", ""Read"", ""and"", ""Share""]"	Must Read and Share	Must Read and Share	AUX VERB CCONJ PROPN	aux ROOT cc conj
927	I should really go to bed	"[""I"", ""should"", ""really"", ""go"", ""to"", ""bed""]"	I should really go to bed	I should really go to bed	PRON AUX ADV VERB ADP NOUN	nsubj aux advmod ROOT prep pobj
